Admin Executive,"New York, NY"
Administrative Analyst,"Los Angeles, CA"
Administrative Assistant,"Chicago, IL"
Administrative Coordinator,"Houston, TX"
Administrative Director,"Phoenix, AZ"
Administrative Officer,"Philadelphia, PA"
Administrative Operations Assistant,"San Antonio, TX"
Administrative Services Manager,"San Diego, CA"
Administrative Support Specialist,"Dallas, TX"
Calendar Manager,"San Jose, CA"
Conference Coordinator,"Austin, TX"
Corporate Receptionist,"Jacksonville, FL"
Data Entry Clerk,"Fort Worth, TX"
Document Controller,"Columbus, OH"
Executive Assistant,"San Francisco, CA"
Executive Office Manager,"Charlotte, NC"
Executive Personal Assistant,"Indianapolis, IN"
Executive Secretary,"Seattle, WA"
Facilities Administrator,"Denver, CO"
Facilities Coordinator,"Washington, DC"
Facilities Manager,"Boston, MA"
File Clerk,"El Paso, TX"
Front Desk Coordinator,"Nashville, TN"
Front Office Manager,"Detroit, MI"
Junior Administrative Assistant,"Oklahoma City, OK"
Legal Administrative Assistant,"Las Vegas, NV"
Mailroom Clerk,"Portland, OR"
Meeting Planner,"Memphis, TN"
Office Administrator,"Louisville, KY"
Office Assistant,"Milwaukee, WI"
Office Clerk,"Baltimore, MD"
Office Coordinator,"Albuquerque, NM"
Office Intern,"Tucson, AZ"
Office Manager,"Fresno, CA"
Office Receptionist,"Sacramento, CA"
Office Services Coordinator,"Kansas City, MO"
Office Services Manager,"Mesa, AZ"
Office Support Specialist,"Atlanta, GA"
Operations Assistant,"Omaha, NE"
Personal Assistant,"Colorado Springs, CO"
Program Assistant,"Raleigh, NC"
Receptionist,"Miami, FL"
Records Management Specialist,"Long Beach, CA"
Scheduling Assistant,"Virginia Beach, VA"
Scheduling Coordinator,"Oakland, CA"
Secretary,"Minneapolis, MN"
Senior Executive Assistant,"Tulsa, OK"
Staff Assistant,"Arlington, TX"
Travel Coordinator,"New Orleans, LA"
Virtual Assistant,"Wichita, KS"
Brand Consultant,"Cleveland, OH"
Business Consultant,"Tampa, FL"
Change Management Consultant,"Bakersfield, CA"
Cloud Solutions Consultant,"Aurora, CO"
Compliance Consultant,"Anaheim, CA"
Corporate Strategy Consultant,"Honolulu, HI"
Crisis Management Consultant,"Santa Ana, CA"
Cybersecurity Consultant,"Riverside, CA"
Data Analytics Consultant,"Corpus Christi, TX"
Digital Marketing Consultant,"Lexington, KY"
Digital Transformation Consultant,"Henderson, NV"
Diversity and Inclusion Consultant,"Stockton, CA"
E-commerce Consultant,"Saint Paul, MN"
ERP Consultant,"Cincinnati, OH"
Education Consultant,"St. Louis, MO"
Energy Consultant,"Pittsburgh, PA"
Environmental Consultant,"Greensboro, NC"
Financial Consultant,"Lincoln, NE"
Financial Risk Consultant,"Anchorage, AK"
Forensic Consultant,"Plano, TX"
Government Relations Consultant,"Orlando, FL"
Healthcare Consultant,"Irvine, CA"
Human Resources Consultant,"Newark, NJ"
IT Consultant,"Durham, NC"
Innovation Consultant,"Chula Vista, CA"
Investment Consultant,"Toledo, OH"
Leadership Consultant,"Fort Wayne, IN"
Lean Management Consultant,"St. Petersburg, FL"
Legal Consultant,"Laredo, TX"
Management Consultant,"Jersey City, NJ"
Marketing Consultant,"Chandler, AZ"
Operations Consultant,"New York, NY"
Organizational Development Consultant,"Los Angeles, CA"
Outsourcing Consultant,"Chicago, IL"
Payroll Consultant,"Houston, TX"
Process Improvement Consultant,"Phoenix, AZ"
Product Development Consultant,"Philadelphia, PA"
Product Management Consultant,"San Antonio, TX"
Project Management Consultant,"San Diego, CA"
Public Relations Consultant,"Dallas, TX"
Real Estate Consultant,"San Jose, CA"
Regulatory Affairs Consultant,"Austin, TX"
Risk Consultant,"Jacksonville, FL"
Sales Consultant,"Fort Worth, TX"
Strategy Consultant,"Columbus, OH"
Supply Chain Consultant,"San Francisco, CA"
Sustainability Consultant,"Charlotte, NC"
Talent Acquisition Consultant,"Indianapolis, IN"
Tax Consultant,"Seattle, WA"
Technology Consultant,"Denver, CO"
CSR Budget Analyst,"Washington, DC"
CSR Communications Specialist,"Boston, MA"
CSR Event Coordinator,"El Paso, TX"
CSR Fundraising Coordinator,"Nashville, TN"
CSR Legal Advisor,"Detroit, MI"
CSR Manager,"Oklahoma City, OK"
CSR Marketing Specialist,"Las Vegas, NV"
CSR Program Director,"Portland, OR"
CSR Project Coordinator,"Memphis, TN"
CSR Research Analyst,"Louisville, KY"
CSR Training and Development Manager,"Milwaukee, WI"
Carbon Footprint Analyst,"Baltimore, MD"
Community Engagement Manager,"Albuquerque, NM"
Corporate Citizenship Manager,"Tucson, AZ"
Corporate Giving Manager,"Fresno, CA"
Corporate Governance Manager,"Sacramento, CA"
Corporate Philanthropy Manager,"Kansas City, MO"
Corporate Responsibility Analyst,"Mesa, AZ"
Corporate Sponsorship Manager,"Atlanta, GA"
Corporate Sustainability Manager,"Omaha, NE"
Corporate Volunteer Program Manager,"Colorado Springs, CO"
Diversity Program Manager,"Raleigh, NC"
Diversity and Inclusion Officer,"Miami, FL"
Environmental Compliance Manager,"Long Beach, CA"
Environmental Health and Safety (EHS) Officer,"Virginia Beach, VA"
Environmental Impact Analyst,"Oakland, CA"
Environmental Policy Analyst,"Minneapolis, MN"
Environmental Risk Analyst,"Tulsa, OK"
"Environmental, Social, and Governance (ESG) Analyst","Arlington, TX"
Ethical Trade Specialist,"New Orleans, LA"
Ethics and Compliance Officer,"Wichita, KS"
Green Building Consultant,"Cleveland, OH"
Green Supply Chain Specialist,"Tampa, FL"
Impact Assessment Specialist,"Bakersfield, CA"
Nonprofit Partnership Manager,"Aurora, CO"
Responsible Investment Analyst,"Anaheim, CA"
Responsible Sourcing Specialist,"Honolulu, HI"
Social Impact Analyst,"Santa Ana, CA"
Social Impact Program Coordinator,"Riverside, CA"
Social Innovation Strategist,"Corpus Christi, TX"
Social Responsibility Advisor,"Lexington, KY"
Social Responsibility Auditor,"Henderson, NV"
Stakeholder Engagement Manager,"Stockton, CA"
Sustainability Consultant,"Saint Paul, MN"
Sustainability Data Analyst,"Cincinnati, OH"
Sustainability Officer,"St. Louis, MO"
Sustainability Reporting Analyst,"Pittsburgh, PA"
Sustainable Product Development Manager,"Greensboro, NC"
Sustainable Supply Chain Manager,"Lincoln, NE"
Volunteer Program Coordinator,"Anchorage, AK"
3D Artist,"Plano, TX"
Advertising Creative,"Orlando, FL"
Animator,"Irvine, CA"
Art Director,"Newark, NJ"
Art Production Coordinator,"Durham, NC"
Brand Designer,"Chula Vista, CA"
CAD Designer,"Toledo, OH"
Character Designer,"Fort Wayne, IN"
Concept Artist,"St. Petersburg, FL"
Copywriter,"Laredo, TX"
Creative Director,"Jersey City, NJ"
Design Strategist,"Chandler, AZ"
Digital Illustrator,"New York, NY"
Digital Product Designer,"Los Angeles, CA"
Environmental Designer,"Chicago, IL"
Event Designer,"Houston, TX"
Exhibit Designer,"Phoenix, AZ"
Exhibition Designer,"Philadelphia, PA"
Fashion Designer,"San Antonio, TX"
Fashion Illustrator,"San Diego, CA"
Film Set Designer,"Dallas, TX"
Game Designer,"San Jose, CA"
Graphic Artist,"Austin, TX"
Graphic Designer,"Jacksonville, FL"
Illustrator,"Fort Worth, TX"
Industrial Designer,"Columbus, OH"
Infographic Designer,"San Francisco, CA"
Interior Designer,"Charlotte, NC"
Jewelry Designer,"Indianapolis, IN"
Logo Designer,"Seattle, WA"
Mobile App Designer,"Denver, CO"
Motion Graphics Designer,"Washington, DC"
Multimedia Designer,"Boston, MA"
Packaging Designer,"El Paso, TX"
Photo Retoucher,"Nashville, TN"
Photography Director,"Detroit, MI"
Print Designer,"Oklahoma City, OK"
Set Designer,"Las Vegas, NV"
Sound Designer,"Portland, OR"
Storyboard Artist,"Memphis, TN"
Textile Designer,"Louisville, KY"
Typography Specialist,"Milwaukee, WI"
UX/UI Designer,"Baltimore, MD"
User Experience Researcher,"Albuquerque, NM"
User Interface Designer,"Tucson, AZ"
Video Editor,"Fresno, CA"
Video Game Concept Artist,"Sacramento, CA"
Visual Designer,"Kansas City, MO"
Visual Merchandiser,"Mesa, AZ"
Web Designer,"Atlanta, GA"
After-Sales Support Specialist,"Omaha, NE"
Application Support Analyst,"Colorado Springs, CO"
Bilingual Support Specialist,"Raleigh, NC"
Call Center Agent,"Miami, FL"
Call Center Manager,"Long Beach, CA"
Call Center Quality Analyst,"Virginia Beach, VA"
Call Center Supervisor,"Oakland, CA"
Call Center Trainer,"Minneapolis, MN"
Client Experience Manager,"Tulsa, OK"
Client Relations Executive,"Arlington, TX"
Client Relations Manager,"New Orleans, LA"
Client Relations Specialist,"Wichita, KS"
Client Service Coordinator,"Cleveland, OH"
Client Services Manager,"Tampa, FL"
Client Success Consultant,"Bakersfield, CA"
Client Success Coordinator,"Aurora, CO"
Client Support Analyst,"Anaheim, CA"
Client Support Executive,"Honolulu, HI"
Client Support Manager,"Santa Ana, CA"
Complaint Resolution Officer,"Riverside, CA"
Complaint Resolution Specialist,"Corpus Christi, TX"
Contact Center Manager,"Lexington, KY"
Contact Center Representative,"Henderson, NV"
Customer Account Manager,"Stockton, CA"
Customer Advocacy Manager,"Saint Paul, MN"
Customer Care Manager,"Cincinnati, OH"
Customer Engagement Specialist,"St. Louis, MO"
Customer Experience Manager,"Pittsburgh, PA"
Customer Operations Manager,"Greensboro, NC"
Customer Retention Specialist,"Lincoln, NE"
Customer Service Executive,"Anchorage, AK"
Customer Service Representative,"Plano, TX"
Customer Service Supervisor,"Orlando, FL"
Customer Success Consultant,"Irvine, CA"
Customer Success Manager,"Newark, NJ"
Customer Support Analyst,"Durham, NC"
Customer Support Specialist,"Chula Vista, CA"
Customer Support Team Lead,"Toledo, OH"
Escalation Specialist,"Fort Wayne, IN"
Escalations Specialist,"St. Petersburg, FL"
Field Service Technician,"Laredo, TX"
Field Support Technician,"Jersey City, NJ"
Help Desk Manager,"Chandler, AZ"
Help Desk Support Specialist,"New York, NY"
Help Desk Technician,"Los Angeles, CA"
IT Support Specialist,"Chicago, IL"
Live Chat Support Agent,"Houston, TX"
Onboarding Specialist,"Phoenix, AZ"
Online Support Agent,"Philadelphia, PA"
Product Support Manager,"San Antonio, TX"
Product Support Specialist,"San Diego, CA"
Product Training Specialist,"Dallas, TX"
Remote Customer Service Representative,"San Jose, CA"
Remote Support Technician,"Austin, TX"
Senior Customer Support Representative,"Jacksonville, FL"
Service Delivery Coordinator,"Fort Worth, TX"
Service Delivery Manager,"Columbus, OH"
Service Desk Analyst,"San Francisco, CA"
Service Desk Manager,"Charlotte, NC"
Service Desk Supervisor,"Indianapolis, IN"
Service Operations Manager,"Seattle, WA"
Service Quality Analyst,"Denver, CO"
Service Support Coordinator,"Washington, DC"
Solutions Consultant,"Boston, MA"
Support Coordinator,"El Paso, TX"
Support Engineer,"Nashville, TN"
Support Operations Manager,"Detroit, MI"
Technical Account Manager,"Oklahoma City, OK"
Technical Consultant,"Las Vegas, NV"
Technical Solutions Engineer,"Portland, OR"
Technical Support Engineer,"Memphis, TN"
Technical Support Manager,"Louisville, KY"
Technical Support Specialist,"Milwaukee, WI"
Troubleshooting Specialist,"Baltimore, MD"
User Experience Support Specialist,"Albuquerque, NM"
User Support Specialist,"Tucson, AZ"
VIP Customer Support Specialist,"Fresno, CA"
Warranty Claims Processor,"Sacramento, CA"
Warranty Specialist,"Kansas City, MO"
Career Coach,"Mesa, AZ"
Career Development Manager,"Atlanta, GA"
Compliance Trainer,"Omaha, NE"
Continuing Education Specialist,"Colorado Springs, CO"
Corporate Coach,"Raleigh, NC"
Corporate Educator,"Miami, FL"
Corporate Trainer,"Long Beach, CA"
Curriculum Developer,"Virginia Beach, VA"
Digital Learning Designer,"Oakland, CA"
Distance Learning Coordinator,"Minneapolis, MN"
Education Coordinator,"Tulsa, OK"
Educational Consultant,"Arlington, TX"
Educational Program Manager,"New Orleans, LA"
Employee Development Specialist,"Wichita, KS"
Employee Engagement Trainer,"Cleveland, OH"
Employee Orientation Trainer,"Tampa, FL"
Health and Safety Trainer,"Bakersfield, CA"
IT Trainer,"Aurora, CO"
Instructional Design Consultant,"Anaheim, CA"
Instructional Designer,"Honolulu, HI"
Leadership Development Consultant,"Santa Ana, CA"
Learning Architect,"Riverside, CA"
Learning Consultant,"Corpus Christi, TX"
Learning Delivery Manager,"Lexington, KY"
Learning Experience Designer,"Henderson, NV"
Learning Management System (LMS) Administrator,"Stockton, CA"
Learning and Development Manager,"Saint Paul, MN"
Onboarding Trainer,"Cincinnati, OH"
Online Learning Coordinator,"St. Louis, MO"
Organizational Development Trainer,"Pittsburgh, PA"
Performance Coach,"Greensboro, NC"
Performance Improvement Specialist,"Lincoln, NE"
Professional Development Coordinator,"Anchorage, AK"
Professional Development Trainer,"Plano, TX"
Sales Trainer,"Orlando, FL"
Skill Development Trainer,"Irvine, CA"
Soft Skills Trainer,"Newark, NJ"
Talent Development Manager,"Durham, NC"
Talent Development Specialist,"Chula Vista, CA"
Technical Trainer,"Toledo, OH"
Training Analyst,"Fort Wayne, IN"
Training Coordinator,"St. Petersburg, FL"
Training Facilitator,"Laredo, TX"
Training Manager,"Jersey City, NJ"
Training Program Manager,"Chandler, AZ"
Training Specialist,"New York, NY"
Training and Development Officer,"Los Angeles, CA"
Vocational Instructor,"Chicago, IL"
Workforce Trainer,"Houston, TX"
eLearning Specialist,"Phoenix, AZ"
Carbon Management Specialist,"Philadelphia, PA"
Clean Energy Advisor,"San Antonio, TX"
Compliance Analyst (Energy Sector),"San Diego, CA"
Distributed Energy Resource Manager,"Dallas, TX"
Electric Vehicle Charging Infrastructure Manager,"San Jose, CA"
Electrical Engineer (Power Systems),"Austin, TX"
Energy Analyst,"Jacksonville, FL"
Energy Auditing Specialist,"Fort Worth, TX"
Energy Consultant,"Columbus, OH"
Energy Efficiency Consultant,"San Francisco, CA"
Energy Engineer,"Charlotte, NC"
Energy Finance Specialist,"Indianapolis, IN"
Energy Policy Analyst,"Seattle, WA"
Energy Procurement Manager,"Denver, CO"
Energy Program Manager,"Washington, DC"
Energy Risk Analyst,"Boston, MA"
Energy Sales Manager,"El Paso, TX"
Energy Storage Engineer,"Nashville, TN"
Energy Systems Software Developer,"Detroit, MI"
Energy Trader,"Oklahoma City, OK"
Environmental Compliance Officer,"Las Vegas, NV"
Field Service Technician (Utilities),"Portland, OR"
Gas Utility Engineer,"Memphis, TN"
Geothermal Engineer,"Louisville, KY"
Grid Infrastructure Engineer,"Milwaukee, WI"
Grid Systems Analyst,"Baltimore, MD"
Hydroelectric Plant Engineer,"Albuquerque, NM"
Nuclear Plant Operator,"Tucson, AZ"
Oil and Gas Engineer,"Fresno, CA"
Pipeline Safety Manager,"Sacramento, CA"
Power Distribution Engineer,"Kansas City, MO"
Power Plant Operator,"Mesa, AZ"
Power Systems Network Engineer,"Atlanta, GA"
Project Manager (Energy Sector),"Omaha, NE"
Renewable Energy Project Manager,"Colorado Springs, CO"
Renewable Energy Systems Designer,"Raleigh, NC"
Smart Grid Specialist,"Miami, FL"
Smart Metering Specialist,"Long Beach, CA"
Solar Power Engineer,"Virginia Beach, VA"
Sustainability Specialist,"Oakland, CA"
Utility Account Manager,"Minneapolis, MN"
Utility Billing Specialist,"Tulsa, OK"
Utility Business Development Manager,"Arlington, TX"
Utility Data Analyst,"New Orleans, LA"
Utility Operations Manager,"Wichita, KS"
Utility Rate Analyst,"Cleveland, OH"
Utility Regulatory Specialist,"Tampa, FL"
Water Resource Engineer,"Bakersfield, CA"
Wind Energy Technician,"Aurora, CO"
Wind Farm Operations Manager,"Anaheim, CA"
Acoustical Engineer,"Honolulu, HI"
Aerospace Engineer,"Santa Ana, CA"
Automation Engineer,"Riverside, CA"
Automotive Engineer,"Corpus Christi, TX"
Biomedical Engineer,"Lexington, KY"
Chemical Engineer,"Henderson, NV"
Civil Engineer,"Stockton, CA"
Control Systems Engineer,"Saint Paul, MN"
Design Engineer,"Cincinnati, OH"
Electrical Engineer,"St. Louis, MO"
Electronics Engineer,"Pittsburgh, PA"
Energy Engineer,"Greensboro, NC"
Environmental Engineer,"Lincoln, NE"
Field Engineer,"Anchorage, AK"
Fluid Dynamics Engineer,"Plano, TX"
Forensic Engineer,"Orlando, FL"
Geotechnical Engineer,"Irvine, CA"
HVAC Engineer,"Newark, NJ"
Hydraulics Engineer,"Durham, NC"
Industrial Engineer,"Chula Vista, CA"
Instrumentation Engineer,"Toledo, OH"
Maintenance Engineer,"Fort Wayne, IN"
Manufacturing Engineer,"St. Petersburg, FL"
Marine Engineer,"Laredo, TX"
Materials Engineer,"Jersey City, NJ"
Mechanical Engineer,"Chandler, AZ"
Mechatronics Engineer,"New York, NY"
Mining Engineer,"Los Angeles, CA"
Network Engineer,"Chicago, IL"
Nuclear Engineer,"Houston, TX"
Packaging Engineer,"Phoenix, AZ"
Petroleum Engineer,"Philadelphia, PA"
Photonics Engineer,"San Antonio, TX"
Pipeline Engineer,"San Diego, CA"
Power Systems Engineer,"Dallas, TX"
Process Engineer,"San Jose, CA"
Project Engineer,"Austin, TX"
Quality Assurance (QA) Engineer,"Jacksonville, FL"
Rail Engineer,"Fort Worth, TX"
Reliability Engineer,"Columbus, OH"
Robotics Engineer,"San Francisco, CA"
Safety Engineer,"Charlotte, NC"
Simulation Engineer,"Indianapolis, IN"
Software Engineer,"Seattle, WA"
Structural Analysis Engineer,"Denver, CO"
Structural Engineer,"Washington, DC"
Systems Engineer,"Boston, MA"
Telecommunications Engineer,"El Paso, TX"
Test Engineer,"Nashville, TN"
Thermal Engineer,"Detroit, MI"
Accountant,"Oklahoma City, OK"
Accounting Manager,"Las Vegas, NV"
Accounts Payable Clerk,"Portland, OR"
Accounts Payable Specialist,"Memphis, TN"
Accounts Receivable Clerk,"Louisville, KY"
Accounts Receivable Specialist,"Milwaukee, WI"
Accounts Supervisor,"Baltimore, MD"
Actuarial Analyst,"Albuquerque, NM"
Asset Manager,"Tucson, AZ"
Auditor,"Fresno, CA"
Billing Coordinator,"Sacramento, CA"
Bookkeeper,"Kansas City, MO"
Budget Analyst,"Mesa, AZ"
Budget Director,"Atlanta, GA"
Budgeting Manager,"Omaha, NE"
Capital Markets Analyst,"Colorado Springs, CO"
Chief Financial Officer (CFO),"Raleigh, NC"
Compliance Analyst,"Miami, FL"
Compliance Auditor,"Long Beach, CA"
Controller,"Virginia Beach, VA"
Corporate Accountant,"Oakland, CA"
Corporate Tax Analyst,"Minneapolis, MN"
Corporate Treasurer,"Tulsa, OK"
Cost Accountant,"Arlington, TX"
Cost Analyst,"New Orleans, LA"
Cost Estimator,"Wichita, KS"
Credit Analyst,"Cleveland, OH"
Derivatives Trader,"Tampa, FL"
Equity Analyst,"Bakersfield, CA"
Equity Research Analyst,"Aurora, CO"
External Auditor,"Anaheim, CA"
Finance Associate,"Honolulu, HI"
Finance Manager,"Santa Ana, CA"
Financial Advisor,"Riverside, CA"
Financial Analyst,"Corpus Christi, TX"
Financial Consultant,"Lexington, KY"
Financial Controller,"Henderson, NV"
Financial Planner,"Stockton, CA"
Financial Planning & Analysis (FP&A) Manager,"Saint Paul, MN"
Financial Risk Manager,"Cincinnati, OH"
Fixed Income Analyst,"St. Louis, MO"
Forensic Accountant,"Pittsburgh, PA"
Fraud Examiner,"Greensboro, NC"
Fraud Investigator,"Lincoln, NE"
Fund Accountant,"Anchorage, AK"
Fund Manager,"Plano, TX"
Hedge Fund Analyst,"Orlando, FL"
Internal Auditor,"Irvine, CA"
Internal Controls Analyst,"Newark, NJ"
Investment Analyst,"Durham, NC"
Investment Banker,"Chula Vista, CA"
Mergers & Acquisitions Analyst,"Toledo, OH"
Mortgage Loan Officer,"Fort Wayne, IN"
Mortgage Underwriter,"St. Petersburg, FL"
Payroll Coordinator,"Laredo, TX"
Payroll Manager,"Jersey City, NJ"
Pension Administrator,"Chandler, AZ"
Personal Financial Advisor,"New York, NY"
Portfolio Manager,"Los Angeles, CA"
Private Equity Associate,"Chicago, IL"
Public Accountant,"Houston, TX"
Revenue Analyst,"Phoenix, AZ"
Risk & Compliance Officer,"Philadelphia, PA"
Risk Management Analyst,"San Antonio, TX"
Tax Advisor,"San Diego, CA"
Tax Attorney,"Dallas, TX"
Tax Consultant,"San Jose, CA"
Tax Manager,"Austin, TX"
Treasury Analyst,"Jacksonville, FL"
Treasury Manager,"Fort Worth, TX"
Trust Officer,"Columbus, OH"
Valuation Analyst,"San Francisco, CA"
Venture Capital Analyst,"Charlotte, NC"
Wealth Manager,"Indianapolis, IN"
Accident Prevention Specialist,"Seattle, WA"
Allergist,"Denver, CO"
Anesthesiologist,"Washington, DC"
Biomedical Engineer,"Boston, MA"
Biopharmaceutical Scientist,"El Paso, TX"
Biopharmaceutical Specialist,"Nashville, TN"
Biostatistician,"Detroit, MI"
Cardiologist,"Oklahoma City, OK"
Clinical Data Manager,"Las Vegas, NV"
Clinical Nurse Specialist,"Portland, OR"
Clinical Pathologist,"Memphis, TN"
Clinical Pharmacist,"Louisville, KY"
Clinical Pharmacologist,"Milwaukee, WI"
Clinical Research Associate,"Baltimore, MD"
Clinical Research Coordinator,"Albuquerque, NM"
Clinical Research Scientist,"Tucson, AZ"
Clinical Toxicologist,"Fresno, CA"
Clinical Trial Data Manager,"Sacramento, CA"
Clinical Trial Investigator,"Kansas City, MO"
Clinical Trial Manager,"Mesa, AZ"
Community Dentist,"Atlanta, GA"
Confined Space Entry Supervisor,"Omaha, NE"
Construction Safety Officer,"Colorado Springs, CO"
Cosmetic Dentist,"Raleigh, NC"
Dental Assistant,"Miami, FL"
Dental Hygienist,"Long Beach, CA"
Dental Lab Technician,"Virginia Beach, VA"
Dental Materials Specialist,"Oakland, CA"
Dental Practice Manager,"Minneapolis, MN"
Dental Public Health Officer,"Tulsa, OK"
Dental Researcher,"Arlington, TX"
Dentist (General),"New Orleans, LA"
Dermatologist,"Wichita, KS"
Disaster Preparedness Officer,"Cleveland, OH"
Drug Formulation Scientist,"Tampa, FL"
Drug Manufacturing Manager,"Bakersfield, CA"
Drug Safety Officer,"Aurora, CO"
"EHS (Environmental, Health, Safety) Coordinator","Anaheim, CA"
EHS Manager,"Honolulu, HI"
Emergency Medicine Doctor,"Santa Ana, CA"
Emergency Response Coordinator,"Riverside, CA"
Endocrinologist,"Corpus Christi, TX"
Endodontist,"Lexington, KY"
Environmental Compliance Officer,"Henderson, NV"
Environmental Health Specialist,"Stockton, CA"
Environmental Health Technician,"Saint Paul, MN"
Environmental Health and Safety Analyst,"Cincinnati, OH"
Epidemiologist,"St. Louis, MO"
Ergonomics Specialist,"Pittsburgh, PA"
Family Medicine Physician,"Greensboro, NC"
Fire Prevention Specialist,"Lincoln, NE"
Fire Protection Engineer,"Anchorage, AK"
Fire Safety Officer,"Plano, TX"
Fleet Safety Coordinator,"Orlando, FL"
Food Safety Inspector,"Irvine, CA"
Forensic Odontologist,"Newark, NJ"
Gastroenterologist,"Durham, NC"
General Practitioner (GP),"Chula Vista, CA"
Genetic Counselor,"Toledo, OH"
Geriatric Dentist,"Fort Wayne, IN"
Geriatrician,"St. Petersburg, FL"
"HSE (Health, Safety, Environment) Manager","Laredo, TX"
Hazardous Materials Specialist,"Jersey City, NJ"
Health Economics Analyst,"Chandler, AZ"
Health and Safety Consultant,"New York, NY"
Health and Safety Lead,"Los Angeles, CA"
Health and Safety Officer,"Chicago, IL"
Industrial Hygienist,"Houston, TX"
Industrial Safety Supervisor,"Phoenix, AZ"
Industrial Safety Trainer,"Philadelphia, PA"
Loss Prevention Specialist,"San Antonio, TX"
Occupational Health Nurse,"San Diego, CA"
Occupational Health and Safety Specialist,"Dallas, TX"
Process Safety Engineer,"San Jose, CA"
Public Health Officer,"Austin, TX"
Radiation Protection Specialist,"Jacksonville, FL"
Radiation Safety Officer,"Fort Worth, TX"
Risk Assessor,"Columbus, OH"
Safety Auditor,"San Francisco, CA"
Safety Awareness Coordinator,"Charlotte, NC"
Safety Compliance Manager,"Indianapolis, IN"
Safety Compliance Officer,"Seattle, WA"
Safety Coordinator,"Denver, CO"
Safety Director,"Washington, DC"
Safety Engineer,"Boston, MA"
Safety Equipment Manager,"El Paso, TX"
Safety Inspector,"Nashville, TN"
Safety Manager,"Detroit, MI"
Safety Program Manager,"Oklahoma City, OK"
Safety Risk Manager,"Las Vegas, NV"
Safety Trainer,"Portland, OR"
Security and Safety Officer,"Memphis, TN"
Site Safety Manager,"Louisville, KY"
Waste Management Specialist,"Milwaukee, WI"
Water Safety Specialist,"Baltimore, MD"
Water Treatment Operator,"Albuquerque, NM"
Benefits Administrator,"Tucson, AZ"
Benefits Coordinator,"Fresno, CA"
Career Development Specialist,"Sacramento, CA"
Change Management Consultant,"Kansas City, MO"
Compensation Analyst,"Mesa, AZ"
Compensation and Benefits Analyst,"Atlanta, GA"
Compensation and Benefits Manager,"Omaha, NE"
Compensation Consultant,"Colorado Springs, CO"
Diversity and Inclusion Officer,"Raleigh, NC"
Employee Assistance Program Manager,"Miami, FL"
Employee Benefits Manager,"Long Beach, CA"
Employee Engagement Manager,"Virginia Beach, VA"
Employee Engagement Specialist,"Oakland, CA"
Employee Experience Specialist,"Minneapolis, MN"
Employee Relations Advisor,"Tulsa, OK"
Employee Relations Manager,"Arlington, TX"
Employee Relations Specialist,"New Orleans, LA"
Employee Wellness Coordinator,"Wichita, KS"
Employee Wellness Manager,"Cleveland, OH"
Employment Law Advisor,"Tampa, FL"
Exit Interview Coordinator,"Bakersfield, CA"
Global Mobility Specialist,"Aurora, CO"
HR Administrator,"Anaheim, CA"
HR Advisor,"Honolulu, HI"
HR Analyst,"Santa Ana, CA"
HR Assistant,"Riverside, CA"
HR Automation Specialist,"Corpus Christi, TX"
HR Business Partner,"Lexington, KY"
HR Communications Specialist,"Henderson, NV"
HR Compliance Officer,"Stockton, CA"
HR Consultant,"Saint Paul, MN"
HR Coordinator,"Cincinnati, OH"
HR Data Analyst,"St. Louis, MO"
HR Director,"Pittsburgh, PA"
HR Engagement Manager,"Greensboro, NC"
HR Generalist,"Lincoln, NE"
HR Manager,"Anchorage, AK"
HR Operations Manager,"Plano, TX"
HR Policy Manager,"Orlando, FL"
HR Project Manager,"Irvine, CA"
HR Specialist (Recruitment),"Newark, NJ"
HR Strategy Manager,"Durham, NC"
HR Technology Consultant,"Chula Vista, CA"
HR Transformation Consultant,"Toledo, OH"
HRIS Specialist,"Fort Wayne, IN"
Industrial Relations Specialist,"St. Petersburg, FL"
Labor Relations Specialist,"Laredo, TX"
Leadership Development Consultant,"Jersey City, NJ"
Learning and Development Consultant,"Chandler, AZ"
Learning and Development Manager,"New York, NY"
Onboarding Specialist,"Los Angeles, CA"
Organizational Development Consultant,"Chicago, IL"
Payroll Administrator,"Houston, TX"
Payroll Specialist,"Phoenix, AZ"
People Analytics Specialist,"Philadelphia, PA"
People Operations Manager,"San Antonio, TX"
Performance Appraisal Specialist,"San Diego, CA"
Performance Management Specialist,"Dallas, TX"
Recruitment Consultant,"San Jose, CA"
Recruitment Coordinator,"Austin, TX"
Recruitment Manager,"Jacksonville, FL"
Recruitment Specialist,"Fort Worth, TX"
Retention Specialist,"Columbus, OH"
Succession Planning Manager,"San Francisco, CA"
Succession Planning Specialist,"Charlotte, NC"
Talent Acquisition Specialist,"Indianapolis, IN"
Talent Development Specialist,"Seattle, WA"
Talent Management Specialist,"Denver, CO"
Talent Manager,"Washington, DC"
Training and Development Manager,"Boston, MA"
Training and Development Specialist,"El Paso, TX"
Training Coordinator,"Nashville, TN"
Workforce Development Specialist,"Detroit, MI"
Workforce Diversity Consultant,"Oklahoma City, OK"
Workforce Planning Analyst,"Las Vegas, NV"
Application Developer,"Portland, OR"
Application Support Analyst,"Memphis, TN"
Artificial Intelligence (AI) Engineer,"Louisville, KY"
Artificial Intelligence Engineer,"Milwaukee, WI"
Backend Developer,"Baltimore, MD"
Big Data Engineer,"Albuquerque, NM"
Blockchain Developer,"Tucson, AZ"
Business Intelligence (BI) Developer,"Fresno, CA"
Business Intelligence Analyst,"Sacramento, CA"
Chief Information Officer (CIO),"Kansas City, MO"
Cloud Architect,"Mesa, AZ"
Cloud Engineer,"Atlanta, GA"
Cloud Solutions Architect,"Omaha, NE"
Cloud Solutions Engineer,"Colorado Springs, CO"
Cloud Systems Administrator,"Raleigh, NC"
Computer Systems Analyst,"Miami, FL"
Cybersecurity Analyst,"Long Beach, CA"
Cybersecurity Engineer,"Virginia Beach, VA"
Data Analyst,"Oakland, CA"
Data Engineer,"Minneapolis, MN"
Data Scientist,"Tulsa, OK"
Database Administrator,"Arlington, TX"
Database Developer,"New Orleans, LA"
Database Engineer,"Wichita, KS"
DevOps Engineer,"Cleveland, OH"
ERP Administrator,"Tampa, FL"
ERP Consultant,"Bakersfield, CA"
Frontend Developer,"Aurora, CO"
Front-end Developer,"Anaheim, CA"
Full Stack Developer,"Honolulu, HI"
Full-Stack Developer,"Santa Ana, CA"
Game Developer,"Riverside, CA"
Help Desk Technician,"Corpus Christi, TX"
Information Security Analyst,"Lexington, KY"
IoT Developer,"Henderson, NV"
IT Asset Manager,"Stockton, CA"
IT Auditor,"Saint Paul, MN"
IT Compliance Manager,"Cincinnati, OH"
IT Consultant,"St. Louis, MO"
IT Governance Analyst,"Pittsburgh, PA"
IT Infrastructure Engineer,"Greensboro, NC"
IT Infrastructure Manager,"Lincoln, NE"
IT Manager,"Anchorage, AK"
IT Operations Manager,"Plano, TX"
IT Procurement Specialist,"Orlando, FL"
IT Project Manager,"Irvine, CA"
IT Risk Analyst,"Newark, NJ"
IT Security Consultant,"Durham, NC"
IT Security Manager,"Chula Vista, CA"
IT Service Delivery Manager,"Toledo, OH"
IT Support Specialist,"Fort Wayne, IN"
IT Systems Architect,"St. Petersburg, FL"
IT Trainer,"Laredo, TX"
Machine Learning Engineer,"Jersey City, NJ"
Mobile App Developer,"Chandler, AZ"
Network Administrator,"New York, NY"
Network Engineer,"Los Angeles, CA"
Network Security Engineer,"Chicago, IL"
Penetration Tester,"Houston, TX"
Platform Engineer,"Phoenix, AZ"
QA Tester,"Philadelphia, PA"
Scrum Master,"San Antonio, TX"
Security Analyst,"San Diego, CA"
Service Desk Analyst,"Dallas, TX"
Software Architect,"San Jose, CA"
Software Developer,"Austin, TX"
Software Tester,"Jacksonville, FL"
Solutions Architect,"Fort Worth, TX"
System Administrator,"Columbus, OH"
Systems Administrator,"San Francisco, CA"
Systems Analyst,"Charlotte, NC"
Systems Engineer,"Indianapolis, IN"
Systems Integration Specialist,"Seattle, WA"
Technical Support Engineer,"Denver, CO"
Telecommunications Specialist,"Washington, DC"
UI/UX Designer,"Boston, MA"
UX/UI Developer,"El Paso, TX"
Virtualization Engineer,"Nashville, TN"
Web Developer,"Detroit, MI"
Anti-Money Laundering (AML) Officer,"Oklahoma City, OK"
Anti-Money Laundering (AML) Specialist,"Las Vegas, NV"
Arbitration Specialist,"Portland, OR"
Banking and Finance Lawyer,"Memphis, TN"
Chief Compliance Officer,"Louisville, KY"
Chief Legal Officer (CLO),"Milwaukee, WI"
Claims Specialist,"Baltimore, MD"
Commercial Lawyer,"Albuquerque, NM"
Compliance Analyst,"Tucson, AZ"
Compliance Auditor,"Fresno, CA"
Compliance Coordinator,"Sacramento, CA"
Compliance Manager,"Kansas City, MO"
Compliance Officer,"Mesa, AZ"
Compliance Risk Analyst,"Atlanta, GA"
Contract Manager,"Omaha, NE"
Contract Specialist,"Colorado Springs, CO"
Corporate Compliance Coordinator,"Raleigh, NC"
Corporate Compliance Officer,"Miami, FL"
Corporate Governance Officer,"Long Beach, CA"
Corporate Lawyer,"Virginia Beach, VA"
Corporate Paralegal,"Oakland, CA"
Cybersecurity Compliance Specialist,"Minneapolis, MN"
Data Privacy Specialist,"Tulsa, OK"
Data Protection Officer,"Arlington, TX"
Environmental Compliance Specialist,"New Orleans, LA"
Ethics and Integrity Officer,"Wichita, KS"
Ethics Officer,"Cleveland, OH"
Export Compliance Officer,"Tampa, FL"
Fraud Examiner,"Bakersfield, CA"
Fraud Prevention Specialist,"Aurora, CO"
General Counsel,"Anaheim, CA"
Government Affairs Advisor,"Honolulu, HI"
Health and Safety Compliance Officer,"Santa Ana, CA"
Healthcare Compliance Officer,"Riverside, CA"
Immigration Lawyer,"Corpus Christi, TX"
In-house Legal Counsel,"Lexington, KY"
Intellectual Property Lawyer,"Henderson, NV"
International Trade Compliance Officer,"Stockton, CA"
Investigative Counsel,"Saint Paul, MN"
Labor and Employment Lawyer,"Cincinnati, OH"
Legal Advisor,"St. Louis, MO"
Legal Analyst,"Pittsburgh, PA"
Legal Assistant,"Greensboro, NC"
Legal Auditor,"Lincoln, NE"
Legal Compliance Analyst,"Anchorage, AK"
Legal Consultant,"Plano, TX"
Legal Contracts Specialist,"Orlando, FL"
Legal Counsel,"Irvine, CA"
Legal Director,"Newark, NJ"
Legal Operations Manager,"Durham, NC"
Legal Project Manager,"Chula Vista, CA"
Legal Researcher,"Toledo, OH"
Legal Secretary,"Fort Wayne, IN"
Legal Technology Consultant,"St. Petersburg, FL"
Licensing Specialist,"Laredo, TX"
Litigation Associate,"Jersey City, NJ"
Litigation Attorney,"Chandler, AZ"
Litigation Support Specialist,"New York, NY"
Mediation Specialist,"Los Angeles, CA"
Mergers and Acquisitions (M&A) Lawyer,"Chicago, IL"
Paralegal,"Houston, TX"
Patent Attorney,"Phoenix, AZ"
Policy Advisor,"Philadelphia, PA"
Privacy Lawyer,"San Antonio, TX"
Privacy Officer,"San Diego, CA"
Regulatory Affairs Manager,"Dallas, TX"
Regulatory Affairs Specialist,"San Jose, CA"
Regulatory Compliance Manager,"Austin, TX"
Regulatory Compliance Specialist,"Jacksonville, FL"
Risk and Compliance Manager,"Fort Worth, TX"
Risk and Compliance Officer,"Columbus, OH"
Securities Lawyer,"San Francisco, CA"
Tax Lawyer,"Charlotte, NC"
Trade Compliance Specialist,"Indianapolis, IN"
Trademark Attorney,"Seattle, WA"
Account Manager,"Denver, CO"
Associate Director,"Washington, DC"
Business Continuity Manager,"Boston, MA"
Business Development Manager,"El Paso, TX"
Business Intelligence Manager,"Nashville, TN"
Business Operations Manager,"Detroit, MI"
Business Unit Manager,"Oklahoma City, OK"
Change Manager,"Las Vegas, NV"
Chief Executive Officer (CEO),"Portland, OR"
Chief Financial Officer (CFO),"Memphis, TN"
Chief Marketing Officer (CMO),"Louisville, KY"
Chief Operations Officer (COO),"Milwaukee, WI"
Chief Technology Officer (CTO),"Baltimore, MD"
Client Relations Manager,"Albuquerque, NM"
Compliance Manager,"Tucson, AZ"
Corporate Affairs Manager,"Fresno, CA"
Corporate Strategy Analyst,"Sacramento, CA"
Crisis Management Officer,"Kansas City, MO"
Customer Success Manager,"Mesa, AZ"
Digital Transformation Manager,"Atlanta, GA"
Employee Experience Manager,"Omaha, NE"
Engagement Manager,"Colorado Springs, CO"
Environmental Sustainability Manager,"Raleigh, NC"
Executive Assistant,"Miami, FL"
Facilities Manager,"Long Beach, CA"
General Manager,"Virginia Beach, VA"
Governance Manager,"Oakland, CA"
Human Resources (HR) Director,"Minneapolis, MN"
Investor Relations Manager,"Tulsa, OK"
Learning and Development Manager,"Arlington, TX"
Logistics Manager,"New Orleans, LA"
Marketing Manager,"Wichita, KS"
Operations Director,"Cleveland, OH"
Organizational Development Manager,"Tampa, FL"
Partnerships Manager,"Bakersfield, CA"
Performance Manager,"Aurora, CO"
Portfolio Manager,"Anaheim, CA"
Procurement Manager,"Honolulu, HI"
Product Manager,"Santa Ana, CA"
Program Manager,"Riverside, CA"
Project Manager,"Corpus Christi, TX"
Quality Control Manager,"Lexington, KY"
Regional Manager,"Henderson, NV"
Risk Manager,"Stockton, CA"
Sales Manager,"Saint Paul, MN"
Senior Consultant,"Cincinnati, OH"
Service Delivery Manager,"St. Louis, MO"
Strategic Planning Manager,"Pittsburgh, PA"
Strategy Manager,"Greensboro, NC"
Supply Chain Manager,"Lincoln, NE"
Advertising Account Manager,"Anchorage, AK"
Advertising Sales Executive,"Plano, TX"
Animation Producer,"Orlando, FL"
Art Director,"Irvine, CA"
Brand Partnerships Manager,"Newark, NJ"
Broadcast Engineer,"Durham, NC"
Casting Director,"Chula Vista, CA"
Cinematographer,"Toledo, OH"
Content Licensing Manager,"Fort Wayne, IN"
Content Producer,"St. Petersburg, FL"
Content Strategist,"Laredo, TX"
Digital Content Manager,"Jersey City, NJ"
Digital Marketing Manager,"Chandler, AZ"
Director of Photography,"New York, NY"
Distribution Manager (Media),"Los Angeles, CA"
Editorial Director,"Chicago, IL"
Event Coordinator,"Houston, TX"
Film Director,"Phoenix, AZ"
Film Editor,"Philadelphia, PA"
Graphic Designer,"San Antonio, TX"
Media Buyer,"San Diego, CA"
Media Compliance Officer,"Dallas, TX"
Media Operations Manager,"San Jose, CA"
Media Planner,"Austin, TX"
Media Planner (Advertising),"Jacksonville, FL"
Media Production Assistant,"Fort Worth, TX"
Media Relations Specialist,"Columbus, OH"
Media Research Analyst,"San Francisco, CA"
Media Rights Manager,"Charlotte, NC"
Media Sales Manager,"Indianapolis, IN"
Music Producer,"Seattle, WA"
PR Manager,"Denver, CO"
Podcast Producer,"Washington, DC"
Post-Production Supervisor,"Boston, MA"
Press Relations Officer,"El Paso, TX"
Production Coordinator,"Nashville, TN"
Public Relations Specialist,"Detroit, MI"
Radio Producer,"Oklahoma City, OK"
Screenwriter,"Las Vegas, NV"
Scriptwriter,"Portland, OR"
Social Media Manager,"Memphis, TN"
Sound Engineer,"Louisville, KY"
Studio Operations Manager,"Milwaukee, WI"
Talent Acquisition Specialist,"Baltimore, MD"
Talent Manager,"Albuquerque, NM"
Television Producer,"Tucson, AZ"
Video Content Strategist,"Fresno, CA"
Video Editor,"Sacramento, CA"
Video Production Manager,"Kansas City, MO"
Voiceover Artist,"Mesa, AZ"
Capacity Planner,"Atlanta, GA"
Category Manager,"Omaha, NE"
Continuous Improvement Manager,"Colorado Springs, CO"
Demand Planner,"Raleigh, NC"
Distribution Manager,"Miami, FL"
Export Manager,"Long Beach, CA"
Fleet Manager,"Virginia Beach, VA"
Fleet Supervisor,"Oakland, CA"
Freight Forwarder,"Minneapolis, MN"
Global Sourcing Manager,"Tulsa, OK"
Import/Export Coordinator,"Arlington, TX"
Inventory Control Manager,"New Orleans, LA"
Inventory Planner,"Wichita, KS"
Lean Process Specialist,"Cleveland, OH"
Logistics Coordinator,"Tampa, FL"
Logistics Manager,"Bakersfield, CA"
Logistics Solutions Architect,"Aurora, CO"
Maintenance Manager,"Anaheim, CA"
Materials Manager,"Honolulu, HI"
Operations Analyst,"Santa Ana, CA"
Operations Coordinator,"Riverside, CA"
Operations Engineer,"Corpus Christi, TX"
Operations Manager,"Lexington, KY"
Operations Supervisor,"Henderson, NV"
Order Fulfillment Coordinator,"Stockton, CA"
Procurement Analyst,"Saint Paul, MN"
Procurement Director,"Cincinnati, OH"
Procurement Manager,"St. Louis, MO"
Procurement Specialist,"Pittsburgh, PA"
Production Manager,"Greensboro, NC"
Production Planner,"Lincoln, NE"
Purchasing Agent,"Anchorage, AK"
Purchasing Manager,"Plano, TX"
Quality Control Specialist,"Orlando, FL"
Reverse Logistics Manager,"Irvine, CA"
Shipping Coordinator,"Newark, NJ"
Sourcing Specialist,"Durham, NC"
Supplier Relationship Manager,"Chula Vista, CA"
Supply Chain Analyst,"Toledo, OH"
Supply Chain Consultant,"Fort Wayne, IN"
Supply Chain Director,"St. Petersburg, FL"
Supply Chain Manager,"Laredo, TX"
Supply Chain Planner,"Jersey City, NJ"
Transportation Manager,"Chandler, AZ"
Vendor Manager,"New York, NY"
Warehouse Manager,"Los Angeles, CA"
Warehouse Operations Manager,"Chicago, IL"
Warehouse Supervisor,"Houston, TX"
Category Manager,"Phoenix, AZ"
Contract Administrator,"Philadelphia, PA"
Contract Negotiation Manager,"San Antonio, TX"
Contract and Supplier Manager,"San Diego, CA"
Global Sourcing Manager,"Dallas, TX"
Inventory Procurement Specialist,"San Jose, CA"
Logistics Procurement Specialist,"Austin, TX"
Procurement Analyst,"Jacksonville, FL"
Procurement Compliance Manager,"Fort Worth, TX"
Procurement Contract Analyst,"Columbus, OH"
Procurement Data Analyst,"San Francisco, CA"
Procurement Governance Manager,"Charlotte, NC"
Procurement Manager,"Indianapolis, IN"
Procurement Officer,"Seattle, WA"
Procurement Operations Manager,"Denver, CO"
Procurement Planning Analyst,"Washington, DC"
Procurement Process Manager,"Boston, MA"
Procurement Project Manager,"El Paso, TX"
Procurement Risk Analyst,"Nashville, TN"
Procurement Specialist,"Detroit, MI"
Procurement Systems Manager,"Oklahoma City, OK"
Purchasing Agent,"Las Vegas, NV"
Purchasing Coordinator,"Portland, OR"
Purchasing Operations Analyst,"Memphis, TN"
Purchasing Supervisor,"Louisville, KY"
Sourcing Specialist,"Milwaukee, WI"
Sourcing and Procurement Consultant,"Baltimore, MD"
Strategic Procurement Consultant,"Albuquerque, NM"
Strategic Sourcing Manager,"Tucson, AZ"
Supplier Collaboration Manager,"Fresno, CA"
Supplier Development Manager,"Sacramento, CA"
Supplier Diversity Manager,"Kansas City, MO"
Supplier Lifecycle Manager,"Mesa, AZ"
Supplier Quality Manager,"Atlanta, GA"
Supplier Relationship Manager,"Omaha, NE"
Supply Chain Analyst,"Colorado Springs, CO"
Supply Chain Procurement Manager,"Raleigh, NC"
Vendor Analytics Manager,"Miami, FL"
Vendor Compliance Officer,"Long Beach, CA"
Vendor Contracts Manager,"Virginia Beach, VA"
Vendor Escalation Manager,"Oakland, CA"
Vendor Manager,"Minneapolis, MN"
Vendor Onboarding Specialist,"Tulsa, OK"
Vendor Partnership Coordinator,"Arlington, TX"
Vendor Performance Analyst,"New Orleans, LA"
Vendor Quality Auditor,"Wichita, KS"
Vendor Risk Analyst,"Cleveland, OH"
Vendor Risk Manager,"Tampa, FL"
Vendor Strategy Manager,"Bakersfield, CA"
e-Procurement Specialist,"Aurora, CO"
Asset Manager (Real Estate),"Anaheim, CA"
Building Automation Systems Manager,"Honolulu, HI"
Building Operations Manager,"Santa Ana, CA"
Building Services Manager,"Riverside, CA"
Commercial Leasing Manager,"Corpus Christi, TX"
Commercial Property Manager,"Lexington, KY"
Corporate Facilities Planner,"Henderson, NV"
Corporate Real Estate Analyst,"Stockton, CA"
Corporate Real Estate Director,"Saint Paul, MN"
Custodial Operations Manager,"Cincinnati, OH"
Energy Manager (Facilities),"St. Louis, MO"
Environmental Sustainability Manager (Real Estate),"Pittsburgh, PA"
Facilities Engineer,"Greensboro, NC"
Facilities Manager,"Lincoln, NE"
Facilities Operations Director,"Anchorage, AK"
Facilities Safety Manager,"Plano, TX"
Facilities Space Analyst,"Orlando, FL"
Facilities Sustainability Coordinator,"Irvine, CA"
Facility Asset Manager,"Newark, NJ"
Facility Maintenance Technician,"Durham, NC"
Facility Project Manager,"Chula Vista, CA"
Facility Security Manager,"Toledo, OH"
Facility Space Utilization Analyst,"Fort Wayne, IN"
Grounds Maintenance Supervisor,"St. Petersburg, FL"
HVAC Manager (Facilities),"Laredo, TX"
Lease Administrator,"Jersey City, NJ"
Maintenance Supervisor,"Chandler, AZ"
Property Accountant,"New York, NY"
Property Acquisition Specialist,"Los Angeles, CA"
Property Development Manager,"Chicago, IL"
Property Leasing Consultant,"Houston, TX"
Property Maintenance Manager,"Phoenix, AZ"
Property Manager,"Philadelphia, PA"
Property Renovation Manager,"San Antonio, TX"
Property Risk Manager,"San Diego, CA"
Real Estate Analyst,"Dallas, TX"
Real Estate Appraiser,"San Jose, CA"
Real Estate Brokerage Specialist,"Austin, TX"
Real Estate Development Manager,"Jacksonville, FL"
Real Estate Financial Analyst,"Fort Worth, TX"
Real Estate Investment Manager,"Columbus, OH"
Real Estate Legal Counsel,"San Francisco, CA"
Real Estate Manager,"Charlotte, NC"
Real Estate Marketing Manager,"Indianapolis, IN"
Real Estate Portfolio Manager,"Seattle, WA"
Real Estate Research Analyst,"Denver, CO"
Real Estate Transaction Coordinator,"Washington, DC"
Space Planner,"Boston, MA"
Tenant Relations Manager,"El Paso, TX"
Workplace Services Manager,"Nashville, TN"
AI Research Scientist,"Detroit, MI"
Agricultural Scientist,"Oklahoma City, OK"
Applied Research Scientist,"Las Vegas, NV"
Biomedical Engineer,"Portland, OR"
Biotechnologist,"Memphis, TN"
Chemical Engineer,"Louisville, KY"
Clinical Research Coordinator,"Milwaukee, WI"
Clinical Trials Manager,"Baltimore, MD"
Data Modeler,"Albuquerque, NM"
Data Research Analyst,"Tucson, AZ"
Development Chemist,"Fresno, CA"
Electronics Engineer,"Sacramento, CA"
Environmental Scientist,"Kansas City, MO"
Experimental Physicist,"Mesa, AZ"
Food Scientist,"Atlanta, GA"
Innovation Consultant,"Omaha, NE"
Innovation Manager,"Colorado Springs, CO"
Innovation Strategist,"Raleigh, NC"
Laboratory Technician,"Miami, FL"
Market Research Specialist,"Long Beach, CA"
Material Scientist,"Virginia Beach, VA"
Medical Researcher,"Oakland, CA"
Metallurgist,"Minneapolis, MN"
Pharmaceutical Scientist,"Tulsa, OK"
Process Development Engineer,"Arlington, TX"
Process Researcher,"New Orleans, LA"
Product Designer,"Wichita, KS"
Product Development Manager,"Cleveland, OH"
Product Tester,"Tampa, FL"
Prototype Engineer,"Bakersfield, CA"
Quality Control Scientist,"Aurora, CO"
R&D Engineer,"Anaheim, CA"
R&D Scientist,"Honolulu, HI"
R&D Technician,"Santa Ana, CA"
Regulatory Scientist,"Riverside, CA"
Research & Development Director,"Corpus Christi, TX"
Research Analyst,"Lexington, KY"
Research Assistant,"Henderson, NV"
Research Chemist,"Stockton, CA"
Research Consultant,"Saint Paul, MN"
Research Manager,"Cincinnati, OH"
Research Scientist,"St. Louis, MO"
Research Technologist,"Pittsburgh, PA"
Robotics Engineer,"Greensboro, NC"
Scientific Consultant,"Lincoln, NE"
Software Researcher,"Anchorage, AK"
Technical Researcher,"Plano, TX"
Technology Transfer Specialist,"Orlando, FL"
Toxicologist,"Irvine, CA"
User Researcher,"Newark, NJ"
Account Development Manager,"Durham, NC"
Account Executive,"Chula Vista, CA"
Account Executive (Advertising),"Toledo, OH"
Account Manager,"Fort Wayne, IN"
Advertising Coordinator,"St. Petersburg, FL"
Advertising Executive,"Laredo, TX"
Advertising Manager,"Jersey City, NJ"
Affiliate Marketer,"Chandler, AZ"
Affiliate Marketing Manager,"New York, NY"
Area Sales Manager,"Los Angeles, CA"
Brand Manager,"Chicago, IL"
Brand Marketing Coordinator,"Houston, TX"
Business Development Coordinator,"Phoenix, AZ"
Business Development Director,"Philadelphia, PA"
Business Development Executive,"San Antonio, TX"
Business Development Manager,"San Diego, CA"
Business Development Representative,"Dallas, TX"
Business Expansion Manager,"San Jose, CA"
Business Growth Manager,"Austin, TX"
Business Partnerships Manager,"Jacksonville, FL"
Campaign Manager,"Fort Worth, TX"
Channel Development Manager,"Columbus, OH"
Channel Sales Manager,"San Francisco, CA"
Client Account Manager,"Charlotte, NC"
Client Relationship Manager,"Indianapolis, IN"
Content Marketer,"Seattle, WA"
Content Marketing Manager,"Denver, CO"
Content Strategist,"Washington, DC"
Content Writer,"Boston, MA"
Conversion Rate Optimization (CRO) Specialist,"El Paso, TX"
Copywriter,"Nashville, TN"
Copywriting Director,"Detroit, MI"
Corporate Sales Manager,"Oklahoma City, OK"
Creative Content Producer,"Las Vegas, NV"
Creative Director,"Portland, OR"
CRM Specialist,"Memphis, TN"
Customer Relationship Manager,"Louisville, KY"
Customer Success Manager,"Milwaukee, WI"
Demand Generation Specialist,"Baltimore, MD"
Digital Marketing Specialist,"Albuquerque, NM"
Digital Media Buyer,"Tucson, AZ"
Digital Strategist,"Fresno, CA"
Direct Marketing Executive,"Sacramento, CA"
E-commerce Marketing Manager,"Kansas City, MO"
E-commerce Specialist,"Mesa, AZ"
Email Marketing Manager,"Atlanta, GA"
Email Marketing Specialist,"Omaha, NE"
Enterprise Sales Executive,"Colorado Springs, CO"
Enterprise Sales Manager,"Raleigh, NC"
Event Marketing Manager,"Miami, FL"
Field Sales Representative,"Long Beach, CA"
Franchise Development Manager,"Virginia Beach, VA"
Growth Marketer,"Oakland, CA"
Growth Marketing Manager,"Minneapolis, MN"
Inbound Marketer,"Tulsa, OK"
Influencer Marketing Manager,"Arlington, TX"
Influencer Marketing Specialist,"New Orleans, LA"
Inside Sales Manager,"Wichita, KS"
Inside Sales Representative,"Cleveland, OH"
International Sales Manager,"Tampa, FL"
Key Account Manager,"Bakersfield, CA"
Lead Generation Specialist,"Aurora, CO"
Market Development Manager,"Anaheim, CA"
Market Research Analyst,"Honolulu, HI"
Marketing Analyst,"Santa Ana, CA"
Marketing Automation Specialist,"Riverside, CA"
Marketing Communications Specialist,"Corpus Christi, TX"
Marketing Consultant,"Lexington, KY"
Marketing Coordinator,"Henderson, NV"
Marketing Director,"Stockton, CA"
Marketing Manager,"Saint Paul, MN"
Marketing Operations Manager,"Cincinnati, OH"
Media Buyer,"St. Louis, MO"
Media Planner,"Pittsburgh, PA"
Media Relations Manager,"Greensboro, NC"
Merchandising Manager,"Lincoln, NE"
Mobile Marketing Manager,"Anchorage, AK"
National Sales Manager,"Plano, TX"
Online Community Manager,"Orlando, FL"
Outbound Marketer,"Irvine, CA"
Partner Development Manager,"Newark, NJ"
Partnership Marketing Manager,"Durham, NC"
Pay-Per-Click (PPC) Manager,"Chula Vista, CA"
PR Manager,"Toledo, OH"
Product Evangelist,"Fort Wayne, IN"
Product Launch Manager,"St. Petersburg, FL"
Product Manager,"Laredo, TX"
Product Marketing Manager,"Jersey City, NJ"
Product Marketing Specialist,"Chandler, AZ"
Public Relations Manager,"New York, NY"
Public Relations Specialist,"Los Angeles, CA"
Relationship Manager,"Chicago, IL"
Retail Marketing Manager,"Houston, TX"
Retail Sales Manager,"Phoenix, AZ"
Sales Administrator,"Philadelphia, PA"
Sales Analyst,"San Antonio, TX"
Sales and Marketing Manager,"San Diego, CA"
Sales Associate,"Dallas, TX"
Sales Consultant,"San Jose, CA"
Sales Coordinator,"Austin, TX"
Sales Development Representative,"Jacksonville, FL"
Sales Director,"Fort Worth, TX"
Sales Director (Global Markets),"Columbus, OH"
Sales Enablement Manager,"San Francisco, CA"
Sales Engineer,"Charlotte, NC"
Sales Executive,"Indianapolis, IN"
Sales Executive (Enterprise),"Seattle, WA"
Sales Lead,"Denver, CO"
Sales Manager,"Washington, DC"
Sales Operations Analyst,"Boston, MA"
Sales Operations Manager,"El Paso, TX"
Sales Operations Specialist,"Nashville, TN"
Sales Representative,"Detroit, MI"
Sales Strategy Manager,"Oklahoma City, OK"
Sales Support Specialist,"Las Vegas, NV"
Sales Training Manager,"Portland, OR"
SEO Specialist,"Memphis, TN"
Social Media Manager,"Louisville, KY"
Social Media Strategist,"Milwaukee, WI"
Strategic Account Manager,"Baltimore, MD"
Technical Sales Representative,"Albuquerque, NM"
Territory Sales Manager,"Tucson, AZ"
Trade Marketing Manager,"Fresno, CA"
Video Marketing Specialist,"Sacramento, CA"
Category Manager (Procurement),"Kansas City, MO"
Customs Compliance Specialist,"Mesa, AZ"
Demand Planner,"Atlanta, GA"
Distribution Analyst,"Omaha, NE"
Distribution Center Manager,"Colorado Springs, CO"
Distribution Manager,"Raleigh, NC"
Fleet Manager,"Miami, FL"
Freight Coordinator,"Long Beach, CA"
Freight Forwarder,"Virginia Beach, VA"
Import/Export Coordinator,"Oakland, CA"
Import/Export Specialist,"Minneapolis, MN"
Inventory Control Specialist,"Tulsa, OK"
Inventory Manager,"Arlington, TX"
Logistics Analyst,"New Orleans, LA"
Logistics Coordinator,"Wichita, KS"
Logistics Director,"Cleveland, OH"
Logistics Manager,"Tampa, FL"
Logistics Support Specialist,"Bakersfield, CA"
Materials Manager,"Aurora, CO"
Operations Manager (Logistics),"Anaheim, CA"
Packaging Manager,"Honolulu, HI"
Procurement Analyst,"Santa Ana, CA"
Procurement Director,"Riverside, CA"
Procurement Manager,"Corpus Christi, TX"
Procurement Officer,"Lexington, KY"
Purchasing Coordinator,"Henderson, NV"
Purchasing Manager,"Stockton, CA"
Purchasing Officer,"Saint Paul, MN"
Reverse Logistics Manager,"Cincinnati, OH"
Shipping Coordinator,"St. Louis, MO"
Shipping Manager,"Pittsburgh, PA"
Sourcing Specialist,"Greensboro, NC"
Supplier Quality Engineer,"Lincoln, NE"
Supplier Relationship Manager,"Anchorage, AK"
Supply Chain Analyst,"Plano, TX"
Supply Chain Consultant,"Orlando, FL"
Supply Chain Coordinator,"Irvine, CA"
Supply Chain Manager,"Newark, NJ"
Supply Chain Operations Manager,"Durham, NC"
Supply Chain Planner,"Chula Vista, CA"
Supply Chain Project Manager,"Toledo, OH"
Supply Chain Risk Manager,"Fort Wayne, IN"
Supply Planner,"St. Petersburg, FL"
Transportation Manager,"Laredo, TX"
Transportation Planner,"Jersey City, NJ"
Vendor Manager,"Chandler, AZ"
Warehouse Logistics Coordinator,"New York, NY"
Warehouse Manager,"Los Angeles, CA"
Warehouse Operations Manager,"Chicago, IL"
Warehouse Supervisor,"Houston, TX"
